t [s];P [Pa];Q [m^3/s];A [m^2];P_f [Pa];P_b [Pa];Q_f [m^3/s];Q_b [m^3/s]
0;13332;0;0.00295052435238;0.555214533889253;0.000745162086364;5.39572353588432E-07;-7.24168472208534E-10
0.003311258278146;13332.555959696;5.38848185116223E-07;0.002950710212612;2.2144665242939;0.002828995127991;2.15207787535037E-06;-2.74929323052846E-09
0.006622516556291;13334.2172955194;2.14932858211984E-06;0.002951265640742;4.95937716379844;0.005960056267995;4.8196555480255E-06;-5.7921423019864E-09
0.009933774834437;13336.9653372201;4.81386340572351E-06;0.002952184497883;8.75946622144786;0.009761238004083;8.51268386685958E-06;-9.48623251463149E-09
0.013245033112583;13340.7692274595;8.50319763434495E-06;0.002953456632961;13.5725239641089;0.013800003602142;1.31901422827496E-05;-1.34112130879462E-08
0.016556291390729;13345.5863239677;1.31767310696616E-05;0.002955068007867;19.34512628596;0.017756350289234;1.88001118188719E-05;-1.7256096755737E-08
0.019867549668874;13351.3628826362;1.87828557221161E-05;0.002957000913512;26.0132838676541;0.021319599125979;2.52804059409462E-05;-2.0718957404297E-08
0.02317880794702;13358.0346034668;2.52596869835419E-05;0.002959234137557;33.5032152503478;0.024212931001255;3.25593218512817E-05;-2.35307748092865E-08
0.026490066225166;13365.5274281814;3.25357910764724E-05;0.002961743214564;41.7322311367064;0.02617986988086;4.0556499876172E-05;-2.54422986900546E-08
0.029801324503311;13373.7584110066;4.05310575774819E-05;0.002964500699651;50.609716387785;0.027069280792393;4.918387779677E-05;-2.63066520343684E-08
0.033112582781457;13382.6367856686;4.91575711447356E-05;0.002967476507731;60.0381945704658;0.026859523078208;5.83467254047911E-05;-2.61028038694816E-08
0.036423841059603;13392.0650540935;5.83206226009217E-05;0.002970638260765;69.9144596874207;0.025691983472399;6.7944744348009E-05;-2.4968157612577E-08
0.039735099337748;13401.9401516709;6.79197761903964E-05;0.002973951662206;80.1307591465911;0.023862617285943;7.78732177716676E-05;-2.31903305589404E-08
0.043046357615894;13412.1546217639;7.78500274411087E-05;0.002977380876769;90.5760123811144;0.021830738814778;8.80241946059715E-05;-2.1215696643447E-08
0.04635761589404;13422.5978431199;8.8002978909328E-05;0.002980888930809;101.137049632949;0.020215097646194;9.8287693449184E-05;-1.96455732863986E-08
0.049668874172186;13433.1572647306;9.82680478758976E-05;0.002984438118512;111.69985613682;0.019795658937802;0.000108552911699;-1.92379515165917E-08
0.052980132450331;13443.7196517958;0.000108533673747;0.002987990415499;122.15080754896;0.021498623031725;0.000118709426175;-2.08929376305103E-08
0.056291390728477;13454.172306172;0.000118688533237;0.002991507887689;132.377883489207;0.026376985046525;0.000128648372471;-2.5633860486926E-08
0.059602649006623;13464.4042604743;0.000128622738611;0.002994953095153;142.271846979505;0.035579593510917;0.000138263591168;-3.45772018541635E-08
0.062913907284768;13474.307426573;0.000138229013966;0.002998289484317;151.72737868131;0.050317784823292;0.00014745273011;-4.89001708846472E-08
0.066225165562914;13483.7776964661;0.000147403829939;0.003001481767533;160.644155830258;0.071825027865927;0.00015611829295;-6.9801485672456E-08
0.06953642384106;13492.7159808581;0.000156048491464;0.00300449628464;168.92786686058;0.101313879335351;0.00016416862518;-9.84595412896629E-08
0.072847682119205;13501.0291807399;0.000164070165639;0.003007301344379;176.491153695288;0.139928096566422;0.000171518829883;-1.35985871746786E-07
0.076158940397351;13508.6310817919;0.000171382844012;0.003009867541601;183.254474693241;0.18869418521588;0.000178091606362;-1.83378062732509E-07
0.079470198675497;13515.4431688785;0.000177908228299;0.003012168048658;189.146882148508;0.248472749854898;0.000183818005735;-2.41472472816716E-07
0.082781456953642;13521.3953548984;0.000183576533262;0.003014178878315;194.106709134111;0.319913458576167;0.000188638098432;-3.10900466850839E-07
0.086092715231788;13526.4266225927;0.000188327197965;0.003015879116997;198.082161283746;0.403414515801956;0.0001925015493;-3.92049030558482E-07
0.089403973509934;13530.4855757996;0.00019210950027;0.003017251126501;201.031809890762;0.499089660829526;0.000195368096813;-4.85028698833599E-07
0.09271523178808;13533.5308995516;0.000194883068114;0.003018280713307;202.924983416509;0.606743811990498;0.000197207933548;-5.89649886085557E-07
0.096026490066225;13535.5317272285;0.000196618283662;0.003018957264338;203.742055197273;0.725859697405326;0.000198001985787;-7.05409893650815E-07
0.099337748344371;13536.4679148947;0.000197296575893;0.003019273848737;203.474625784288;0.855596246632089;0.000197742090721;-8.31491346746146E-07
0.102649006622517;13536.3302220309;0.000196910599374;0.003019227285009;202.125598987655;0.99479990888257;0.000196431070351;-9.66773193824102E-07
0.105960264900662;13535.1203988965;0.000195464297157;0.003018818173402;199.709151302134;1.14202872073736;0.000194082701774;-1.10985409621287E-06
0.109271523178808;13532.8511800229;0.000192972847677;0.003018050893201;196.250595001864;1.29558889989265;0.000190721584135;-1.25908799090927E-06
0.112582781456954;13529.5461839018;0.000189462496144;0.003016933565007;191.786135791876;1.45358266853856;0.000186382903109;-1.41263056661121E-06
0.115894039735099;13525.2397184604;0.000184970272543;0.003015477977995;186.36252651874;1.61396575081569;0.000181112094365;-1.56849514128966E-06
0.119205298013245;13519.9764922696;0.000179543599223;0.003013699482413;180.036619067705;1.77461218127219;0.000174964408086;-1.72461564478221E-06
0.122516556291391;13513.811231249;0.000173239792441;0.00301161684764;172.874817224746;1.93338379560836;0.00016800437725;-1.8789141517581E-06
0.125827814569536;13506.8082010204;0.000166125463098;0.003009252086355;164.952433960191;2.08820131081252;0.000160305193019;-2.02936995930014E-06
0.129139072847682;13499.040635271;0.00015827582306;0.003006630245529;156.352957306335;2.23711382592057;0.000151947991299;-2.17408712960327E-06
0.132450331125828;13490.5900711323;0.000149773904169;0.003003779165255;147.167229756881;2.37836350681167;0.000143021055257;-2.31135735239079E-06
0.135761589403974;13481.5455932637;0.000140709697905;0.003000729206677;137.492546916643;2.51044243212694;0.000133618939369;-2.43971518930244E-06
0.139072847682119;13472.0029893488;0.00013117922418;0.002997512950693;127.431681975948;2.63213889570434;0.000123841521373;-2.55798307183793E-06
0.142384105960265;13462.0638208717;0.000121283538302;0.00299416486944;117.091843475035;2.74257097685232;0.0001137929894;-2.66530392584912E-06
0.145695364238411;13451.8344144519;0.000111127685475;0.002990720973038;106.583574754465;2.84120582196327;0.000103580772429;-2.76115990993079E-06
0.149006622516556;13441.4247805764;0.000100819612519;0.002987218434536;96.0196044492502;2.92786382078821;9.33144231660998E-05;-2.84537647403224E-06
0.152317880794702;13430.94746827;9.04690466920676E-05;0.002983695196445;85.5136583633887;3.00270766114025;8.31044633934108E-05;-2.91811172252652E-06
0.155629139072848;13420.5163660245;8.01863516708843E-05;0.002980189562766;75.1792440381213;3.06621705077321;7.30612027795695E-05;-2.97983184825771E-06
0.158940397350993;13410.2454610889;7.00813709313119E-05;0.002976739780835;65.1284202763829;3.1191506681342;6.32935430703858E-05;-3.03127415525851E-06
0.162251655629139;13400.2475709445;6.02622689151273E-05;0.002973383617745;55.4705647760298;3.16249757785171;5.39077804419492E-05;-3.07339984302277E-06
0.165562913907285;13390.6330623539;5.08343805989265E-05;0.002970157936456;46.3111538184628;3.19742089252695;4.50064195693542E-05;-3.10733925552786E-06
0.16887417218543;13381.508574711;4.18990803138264E-05;0.002967098276972;37.7505686153626;3.22519682759335;3.66870136024842E-05;-3.13433265311002E-06
0.172185430463576;13372.975765443;3.35526809493743E-05;0.002964238448123;29.8829433892724;3.24715246687359;2.90410446998772E-05;-3.15566973137121E-06
0.175496688741722;13365.1300958561;2.58853749685061E-05;0.002961610135589;22.7950705076203;3.26460551237849;2.21528600086396E-05;-3.17263106841399E-06
0.178807947019868;13358.05967602;1.89802289402257E-05;0.002959242531679;16.5653779600784;3.2788090450263;1.60986779495658E-05;-3.186434441835E-06
0.182119205298013;13351.8441870051;1.29122435077308E-05;0.002957161992233;11.2629941266845;3.29090389038685;1.09456793337472E-05;-3.19818853647581E-06
0.185430463576159;13346.5538980171;7.74749079727143E-06;0.00295539172566;6.94691409825223;3.30188060513198;6.75119717042218E-06;-3.20885600183932E-06
0.188741721854305;13342.2487947034;3.54234116858292E-06;0.002953951518683;3.66528076283615;3.31255242275619;3.56201800754829E-06;-3.21922716001583E-06
0.19205298013245;13338.9778331856;3.42790847532521E-07;0.002952857502805;1.45479245916508;3.32353977788732;1.41380627354271E-06;-3.22990496599187E-06
0.195364238410596;13336.7783322371;-1.8160986924491E-06;0.00295212196487;0.340247234429849;3.33526632523151;3.30661374797407E-07;-3.24130113875659E-06
0.198675496688742;13335.6755135597;-2.91063976395913E-06;0.002951753204346;0.198359763358883;3.34777378505171;1.92771330431793E-07;-3.25345622318022E-06
0.201986754966887;13335.5461335484;-3.06068489274836E-06;0.002951709943766;0.198371330256768;3.35990992010312;1.92782571453366E-07;-3.26525044424918E-06
0.205298013245033;13335.5582812504;-3.07246787279575E-06;0.00295171400556;0.198382526054199;3.37167438192032;1.92793451828961E-07;-3.27668346331451E-06
0.208609271523179;13335.570056908;-3.08389001148549E-06;0.002951717942956;0.198393719192222;3.38345324390179;1.92804329619954E-07;-3.28813047684501E-06
0.211920529801324;13335.5818469631;-3.095326147225E-06;0.00295172188517;0.198405293773803;3.39565136407455;1.92815578108659E-07;-3.29998493671489E-06
0.21523178807947;13335.5940566579;-3.10716935860617E-06;0.0029517259677;0.198417113264498;3.40812652395648;1.92827064606426E-07;-3.31210863119353E-06
0.218543046357616;13335.6065436372;-3.11928156658705E-06;0.002951730142948;0.198429033130416;3.420727219979;1.92838648651012E-07;-3.32435432505514E-06
0.221854304635762;13335.6191562531;-3.13151567640407E-06;0.002951734360208;0.198440931456814;3.433324961065;1.92850211763256E-07;-3.33659714723066E-06
0.225165562913907;13335.6317658925;-3.14374693546735E-06;0.002951738576476;0.198452882559173;3.44599854233324;1.92861826164714E-07;-3.34891367292652E-06
0.228476821192053;13335.6444514249;-3.15605184676175E-06;0.002951742818123;0.198464937512542;3.45880257267267;1.92873541490696E-07;-3.36135697252274E-06
0.231788079470199;13335.6572675102;-3.16848343103198E-06;0.002951747103426;0.198477134762362;3.47177857975761;1.92885395104802E-07;-3.37396740372668E-06
0.235099337748344;13335.6702557145;-3.18108200862181E-06;0.002951751446283;0.198489441771859;3.48489273148797;1.92897355386734E-07;-3.38671208759722E-06
0.23841059602649;13335.6833821733;-3.19381473221042E-06;0.002951755835372;0.198501843929248;3.4981301142969;1.92909408134811E-07;-3.39957653072911E-06
0.241721854304636;13335.6966319582;-3.20666712259424E-06;0.0029517602657;0.198514332270084;3.5114817602597;1.92921544639589E-07;-3.4125520178554E-06
0.245033112582781;13335.7099960925;-3.21963047321575E-06;0.002951764734267;0.19852692265004;3.52496522675184;1.92933780307851E-07;-3.42565561170162E-06
0.248344370860927;13335.7234921494;-3.23272183139371E-06;0.002951769246949;0.198539621331607;3.53858790519705;1.92946121226738E-07;-3.43889449545237E-06
0.251655629139073;13335.7371275265;-3.24594837422557E-06;0.002951773806218;0.198552432354709;3.55235485587292;1.92958571321533E-07;-3.45227358682011E-06
0.254966887417219;13335.7509072882;-3.25931501549852E-06;0.002951778413769;0.198565351505608;3.56626229818009;1.92971126498932E-07;-3.46578921171888E-06
0.258278145695364;13335.7648276497;-3.27281808521989E-06;0.002951783068336;0.198578379035522;3.58031124603399;1.92983787000967E-07;-3.4794423554967E-06
0.26158940397351;13335.7788896251;-3.28645856849567E-06;0.002951787770258;0.198591516086457;3.59450369192863;1.92996553939406E-07;-3.49323495451458E-06
0.264900662251656;13335.793095208;-3.30023840057511E-06;0.002951792520203;0.198604766451825;3.6088445193277;1.93009430998913E-07;-3.50717175465142E-06
0.268211920529801;13335.8074492858;-3.31416232365245E-06;0.002951797319803;0.198618132098328;3.62333667505005;1.93022420091971E-07;-3.5212556197059E-06
0.271523178807947;13335.8219548071;-3.32823319961387E-06;0.002951802170046;0.198631614710183;3.63798282987614;1.93035522855204E-07;-3.53548914521386E-06
0.274834437086093;13335.8366144446;-3.3424536223586E-06;0.002951807071826;0.198645215235678;3.65278488123324;1.93048740210228E-07;-3.54987417514599E-06
0.278145695364238;13335.8514300965;-3.3568254349357E-06;0.002951812025776;0.198658935392611;3.66774559138343;1.93062073826624E-07;-3.56441339394271E-06
0.281456953642384;13335.8664045268;-3.37135132011602E-06;0.002951817032822;0.198672777044409;3.68286791143432;1.93075525514079E-07;-3.5791096695682E-06
0.28476821192053;13335.8815406885;-3.38603414405406E-06;0.002951822093951;0.198686742304793;3.69815509898669;1.93089097328279E-07;-3.59396616784767E-06
0.288079470198676;13335.8968418413;-3.40087707051933E-06;0.002951827210253;0.198700833043992;3.71361018144796;1.93102791085967E-07;-3.60898583089592E-06
0.291390728476821;13335.9123110145;-3.41588303980989E-06;0.002951832382741;0.198715051146108;3.72923623465501;1.93116608618304E-07;-3.62417164789376E-06
0.294701986754967;13335.9279512858;-3.43105503927539E-06;0.002951837612444;0.198729398478466;3.74503635495968;1.93130551740585E-07;-3.63952662795939E-06
0.298013245033113;13335.9437657534;-3.44639607621875E-06;0.002951842900399;0.198743877062378;3.7610138432125;1.93144622416429E-07;-3.65505397894704E-06
0.301324503311258;13335.9597577203;-3.46190935653055E-06;0.002951848247709;0.198758488963648;3.77717208930635;1.93158822653373E-07;-3.6707569952453E-06
0.304635761589404;13335.9759305783;-3.47759817259187E-06;0.00295185365551;0.198773236309004;3.79351459256541;1.93173154518378E-07;-3.68663907759129E-06
0.30794701986755;13335.9922878289;-3.49346592307286E-06;0.002951859124973;0.19878812122897;3.81004489815952;1.9318762008229E-07;-3.70270367127637E-06
0.311258278145695;13336.0088330194;-3.50951605119402E-06;0.002951864657283;0.198803145905942;3.82676665540383;1.93202221465202E-07;-3.71895432280188E-06
0.314569536423841;13336.0255698013;-3.52575210133662E-06;0.002951870253662;0.198818312566498;3.84368360712538;1.93216960832759E-07;-3.7353946695492E-06
0.317880794701987;13336.0425019197;-3.54217770871639E-06;0.002951875915362;0.198833623506009;3.86079962142897;1.93231840413427E-07;-3.75202847064394E-06
0.321192052980132;13336.0596332449;-3.55879663023045E-06;0.002951881643678;0.198849081065753;3.87811866881898;1.93246862483749E-07;-3.7688595847298E-06
0.324503311258278;13336.0769677499;-3.57561272224599E-06;0.002951887439938;0.198864688551783;3.89564585420092;1.93262030257273E-07;-3.78589297289131E-06
0.327814569536424;13336.0945105428;-3.59263094263398E-06;0.00295189330585;0.198880463295206;3.91340213573445;1.9327736057476E-07;-3.80314900282726E-06
0.33112582781457;13336.112282599;-3.60987164225244E-06;0.002951899248429;0.198896527711636;3.93152724956126;1.93292972405025E-07;-3.82076347386455E-06
0.334437086092715;13336.1304237773;-3.62747050145946E-06;0.00295190531444;0.198913514657148;3.95073962100714;1.93309480773726E-07;-3.83943457097455E-06
0.337748344370861;13336.1496531357;-3.64612509020076E-06;0.002951911744321;0.198933852252875;3.97380077020508;1.93329245393623E-07;-3.86184601338016E-06
0.341059602649007;13336.1727346225;-3.66851676798648E-06;0.002951919462281;0.198964802254392;4.00900419685528;1.9335932343478E-07;-3.89605764620506E-06
0.344370860927152;13336.2079689991;-3.70269832277022E-06;0.002951931243927;0.19902384580101;4.07648103901839;1.93416703534042E-07;-3.96163344855893E-06
0.347682119205298;13336.2755048848;-3.76821674502482E-06;0.002951953826597;0.199145339828555;4.21660405232535;1.9353477468415E-07;-4.09780874561482E-06
0.350993377483444;13336.4157493922;-3.90427397093061E-06;0.002952000721872;0.199383922624036;4.49712164943349;1.93766635834137E-07;-4.37042325920504E-06
0.354304635761589;13336.6965055721;-4.17665662337084E-06;0.002952094602878;0.199806052244089;5.01355637763811;1.94176872704331E-07;-4.87230835904251E-06
0.357615894039735;13337.2133624299;-4.67813148633811E-06;0.002952267436607;0.200460216360247;5.87836191858463;1.94812606912022E-07;-5.71274954464357E-06
0.360927152317881;13338.0788221349;-5.51793693773149E-06;0.002952556852295;0.201324633542808;7.19937316407046;1.95652670680446E-07;-6.99654365185199E-06
0.364238410596026;13339.4006977976;-6.80089098117149E-06;0.002952998924003;0.202249573680617;9.05485831321261;1.96551552277542E-07;-8.79975381272028E-06
0.367549668874172;13341.2571078869;-8.60320226044267E-06;0.002953619814648;0.202926677291909;11.4761953175417;1.97209579701714E-07;-1.11528739609E-05
0.370860927152318;13343.6791219948;-1.09556643811982E-05;0.002954429974035;0.202909451087092;14.4463139154287;1.97192838814075E-07;-1.40393147589682E-05
0.374172185430464;13346.6492233665;-1.38421219201541E-05;0.002955423619281;0.201676095466685;17.9136879100296;1.95994230791216E-07;-1.74090016688779E-05
0.377483443708609;13350.1153640055;-1.72130074380867E-05;0.002956583425351;0.198697297143599;21.8133159820581;1.93099354803486E-07;-2.11987646677036E-05
0.380794701986755;13354.0120132792;-2.10056653129E-05;0.002957887555681;0.193476968134111;26.0835072585539;1.88026099263151E-07;-2.53486509129206E-05
0.384105960264901;13358.2769842267;-2.51606248136574E-05;0.002959315285499;0.185565729624556;30.6717854320896;1.80337745803689E-07;-2.98076625235692E-05
0.387417218543046;13362.8573511617;-2.96273247777655E-05;0.002960848980045;0.174570632126783;35.5309630794258;1.69652415588489E-07;-3.45299414979886E-05
0.390728476821192;13367.7055337116;-3.43602890824001E-05;0.002962472783084;0.160179877809898;40.6116999733261;1.55667095135509E-07;-3.9467537681939E-05
0.394039735099338;13372.7718798511;-3.93118705868034E-05;0.002964170131353;0.142199983143473;45.8577157039347;1.38193751967425E-07;-4.45657562658401E-05
0.397350993377483;13377.9999156871;-4.44275625138726E-05;0.0029659221592;0.120588888690246;51.2058556267589;1.17191511597719E-07;-4.97632218747903E-05
0.400662251655629;13383.3264445154;-4.96460303631925E-05;0.00296770772653;0.095472335961264;56.5892866630253;9.27825729930988E-08;-5.49949843329368E-05
0.403973509933775;13388.684758999;-5.49022017599436E-05;0.002969504491234;0.067143653552466;61.940875163227;6.52520007396474E-08;-6.01958013617404E-05
0.407284768211921;13394.0080188168;-6.01305493610006E-05;0.002971290039739;0.03605467238739;67.1950789947591;3.50388962296723E-08;-6.530197736141E-05
0.410596026490066;13399.2311336671;-6.52669384651803E-05;0.002973042518839;0.002802997551686;72.288533286451;2.72402808995692E-09;-7.02519326531268E-05
0.413907284768212;13404.291336284;-7.02492086250368E-05;0.002974740829752;-0.03188537309794;77.1603436771995;-3.09870595191312E-08;-7.49864884659197E-05
0.417218543046358;13409.1284583041;-7.50174755254387E-05;0.002976364723437;-0.067181340608468;81.7527649950904;-6.5288626029908E-08;-7.94495264952126E-05
0.420529801324503;13413.6855836545;-7.95148151212424E-05;0.002977895023467;-0.102186312123895;86.0122378106169;-9.93073948383691E-08;-8.35889962530024E-05
0.423841059602649;13417.9100514985;-8.36883036478407E-05;0.002979313967124;-0.135970831384829;89.8904019270904;-1.32140095461087E-07;-8.73579000049798E-05
0.427152317880795;13421.7544310957;-8.74900401004409E-05;0.002980605537828;-0.167613930466051;93.3448126185583;-1.62891706601957E-07;-9.07149888297264E-05
0.43046357615894;13425.1771986881;-9.08778805363283E-05;0.00298175569788;-0.196240305913503;96.3393433379263;-1.90711584923684E-07;-9.36251539812462E-05
0.433774834437086;13428.143103032;-9.38158655661698E-05;0.002982752516602;-0.22105397805181;98.8443893547375;-2.1482617605821E-07;-9.605962478962E-05
0.437086092715232;13430.6233353767;-9.62744509656782E-05;0.002983586232431;-0.241367528745134;100.83695590345;-2.34567428652205E-07;-9.79960543258553E-05
0.440397350993378;13432.5955883747;-9.82306217545074E-05;0.002984249277079;-0.256625802258821;102.300639228427;-2.49395827494075E-07;-9.94185009809057E-05
0.443708609271523;13434.0440134262;-9.96678968083997E-05;0.002984736264808;-0.266423029856765;103.225482896368;-2.58917035659731E-07;-0.000100317288826
0.447019867549669;13434.9590598665;-0.000100576205862;0.002985043941101;-0.270512933836419;103.607715992829;-2.62891713881639E-07;-0.000100688753186
0.450331125827815;13435.337203059;-0.0001009516449;0.002985171093044;-0.268812065678323;103.449408699462;-2.61238764653578E-07;-0.000100534905919
0.45364238410596;13435.1805966338;-0.000100796144683;0.002985118433269;-0.261397046719676;102.758085901391;-2.5403265064308E-07;-9.98630599088635E-05
0.456953642384106;13434.4966888547;-0.00010011709256;0.002984888470945;-0.248496494859265;101.546326605586;-2.41495548847635E-07;-9.86854397723007E-05
0.460264900662252;13433.2978301107;-9.89269353211482E-05;0.002984485378989;-0.230478430964919;99.8313639232543;-2.23985111801492E-07;-9.70187931081006E-05
0.463576158940397;13431.6008854923;-9.72427782199019E-05;0.002983914862284;-0.207833985402357;97.6346954159826;-2.01978633148672E-07;-9.48840118223522E-05
0.466887417218543;13429.4268614306;-9.50859904555008E-05;0.002983184030055;-0.181158250638934;94.9817131598712;-1.76054439685214E-07;-9.23057726146524E-05
0.470198675496689;13426.8005549092;-9.24818270543375E-05;0.002982301275376;-0.151129097426197;91.9013611292225;-1.46871304363552E-07;-8.93122040143936E-05
0.473509933774834;13423.7502320318;-8.94590753187571E-05;0.002981276164198;-0.118484688949874;88.4258230787854;-1.1514659393566E-07;-8.59345830563756E-05
0.47682119205298;13420.3073383898;-8.60497296503112E-05;0.002980119334845;-0.084000331217663;84.5902392649959;-8.1633771543187E-08;-8.22070599829173E-05
0.480132450331126;13416.5062389338;-8.22886937544604E-05;0.002978842407296;-0.048465223313042;80.4324471407758;-4.70998019934921E-08;-7.81664062441149E-05
0.483443708609272;13412.3839819175;-7.82135060461083E-05;0.002977457900527;-0.012659623517163;75.9927396467414;-1.23029611790229E-08;-7.38517795987722E-05
0.486754966887417;13407.9800800232;-7.38640825599511E-05;0.002975979155685;0.022667083109741;71.3136338841824;2.20284784280465E-08;-6.93044993045991E-05
0.490066225165563;13403.3363009673;-6.92824708261709E-05;0.002974420262596;0.056816950040808;66.4396421325868;5.52162337010975E-08;-6.45678235869142E-05
0.493377483443709;13398.4964590826;-6.4512607353213E-05;0.00297279598684;0.08916221203307;61.4170364676497;8.66502255641474E-08;-5.96867208881198E-05
0.496688741721854;13393.5061986797;-5.96000706625556E-05;0.002971121694367;0.119161751400646;56.2935980202027;1.15804581358413E-07;-5.47076261908154E-05
0.5;13388.4127597716;-5.45918216094569E-05;0.002969413270607;0.146374833048476;51.1183423597554;1.42250982914371E-07;-4.96781741381671E-05
0.503311258278146;13383.2647171928;-4.95359231552526E-05;0.002967687031123;0.170471660095909;45.9412135060651;1.65668924791359E-07;-4.46469016661581E-05
0.506622516556291;13378.1116851662;-4.44812327413666E-05;0.002965959621221;0.191240325992364;40.8127405472367;1.85852470528955E-07;-3.96629142958613E-05
0.509933774834437;13373.0039808732;-3.94770618253322E-05;0.002964247902444;0.208589789064045;35.7836527457592;2.02713143388517E-07;-3.47755120831743E-05
0.513245033112583;13367.9922425348;-3.45727989397857E-05;0.002962568824485;0.222548578091023;30.9044513699828;2.16278668404532E-07;-3.00337735131886E-05
0.516556291390729;13363.1269999481;-2.9817494844784E-05;0.002960939281893;0.233259057293423;26.224939270527;2.26687398937826E-07;-2.54860983299371E-05
0.519867549668874;13358.4581983278;-2.52594109309992E-05;0.002959375955857;0.240967237298773;21.7937122992362;2.34178414704556E-07;-2.11797132837185E-05
0.52317880794702;13354.0346795365;-2.09455348690138E-05;0.002957895142463;0.246008312004011;17.6576195616091;2.39077466111121E-07;-1.71601475899525E-05
0.526490066225166;13349.9036278736;-1.69210701238412E-05;0.002956512569753;0.248788322155519;13.861198136575;2.41779154429975E-07;-1.34706835747192E-05
0.529801324503311;13346.1099864587;-1.32289044202891E-05;0.002955243205555;0.249762568905856;10.4460607144618;2.42725953513649E-07;-1.01517615649342E-05
0.533112582781457;13342.6958232834;-9.90903561142045E-06;0.002954101048979;0.249411506646244;7.45009974342737;2.42384781807909E-07;-7.24020645653992E-06
0.536423841059603;13339.6995112501;-6.9978216747319E-06;0.002953098860055;0.248214540009423;4.90608501159353;2.41221537573239E-07;-4.76786480726108E-06
0.539735099337748;13337.1542995516;-4.52664326968773E-06;0.00295224768609;0.246621238005991;2.83881036146701;2.39673124015249E-07;-2.75883193726632E-06
0.543046357615894;13335.0854315995;-2.51915881325096E-06;0.002951555902192;0.245018800289702;1.25977627490266;2.38115832126577E-07;-1.22428432282321E-06
0.54635761589404;13333.5047950752;-9.8616849069652E-07;0.002951027426759;0.243696622536304;0.159197801334503;2.36830904375674E-07;-1.54712686914981E-07
0.549668874172186;13332.4028944239;8.2118217460803E-08;0.002950659041508;0.242815398982162;-0.502681099116572;2.35974507725093E-07;4.88518954744753E-07
0.552980132450331;13331.7401342999;7.24493462469956E-07;0.002950437479926;0.24239590369279;-0.800274979428131;2.35566830968433E-07;7.77728657682874E-07
0.556291390728477;13331.4421209243;1.01329548865142E-06;0.002950337856374;0.242341745336244;-0.8377600153896;2.35514198426823E-07;8.14157619541173E-07
0.559602649006622;13331.4045817299;1.04967181796811E-06;0.002950325307433;0.242494832157966;-0.732126825022722;2.3566297229992E-07;7.11500456112911E-07
0.562913907284768;13331.5103680071;9.47163428412941E-07;0.002950360670694;0.242701400115196;-0.588351764792704;2.35863720573012E-07;5.71776002049689E-07
0.566225165562914;13331.6543496353;8.07639722622811E-07;0.002950408802608;0.242859609799828;-0.476916851004706;2.36017472981826E-07;4.63480568420781E-07
0.56953642384106;13331.7659427588;6.99498041402716E-07;0.002950446107572;0.242933536952618;-0.424358704964187;2.36089317369E-07;4.12403154505144E-07
0.572847682119205;13331.818574832;6.48492471874254E-07;0.002950463702265;0.242938377393664;-0.420902151453722;2.36094021438907E-07;4.09043983231844E-07
0.576158940397351;13331.8220362259;6.45138004670861E-07;0.002950464859398;0.242912075407094;-0.439689851410763;2.3606846046453E-07;4.273023732149E-07
0.579470198675497;13331.803222224;6.6337083367954E-07;0.002950458569944;0.242888640885338;-0.456402790538116;2.36045686168156E-07;4.43544455059269E-07
0.582781456953642;13331.7864858503;6.79590141227535E-07;0.00295045297504;0.242883725337547;-0.459903509490795;2.36040909107706E-07;4.46946547491932E-07
0.586092715231788;13331.7829802158;6.82987456599748E-07;0.002950451803121;0.242895204778383;-0.451730573370514;2.36052065135375E-07;4.39003869285998E-07
0.589403973509934;13331.7911646314;6.75055934421482E-07;0.002950454539138;0.242912981374635;-0.439065585448662;2.36069340908088E-07;4.26695694834027E-07
0.59271523178808;13331.8038473959;6.62765035742225E-07;0.002950458778937;0.242928737400184;-0.427828174475853;2.36084653035346E-07;4.15774877894718E-07
0.596026490066225;13331.8151005629;6.51859530930173E-07;0.002950462540829;0.242939913073928;-0.419849974956023;2.36095513854233E-07;4.08021449932252E-07
0.599337748344371;13331.8230899381;6.44116963786596E-07;0.00295046521165;0.2429481945484;-0.413933931705366;2.36103562013264E-07;4.02272080659587E-07
0.602649006622517;13331.8290142628;6.3837564267296E-07;0.002950467192132;0.242956128906418;-0.408263026163682;2.36111272834641E-07;3.96760942778277E-07
0.605960264900662;13331.8346931027;6.32872215613027E-07;0.00295046909055;0.242964975006356;-0.401937442594979;2.36119869711394E-07;3.90613571256799E-07
0.609271523178808;13331.8410275324;6.26733440968303E-07;0.00295047120813;0.242974574501267;-0.395069456735659;2.36129198757641E-07;3.83939078662797E-07
0.612582781456954;13331.8479051178;6.20068277420547E-07;0.002950473507286;0.242984270698628;-0.388128253621969;2.36138621782163E-07;3.77193431579874E-07
0.615894039735099;13331.8548560171;6.13332053362147E-07;0.002950475830952;0.242993670888314;-0.381394998986807;2.36147757138128E-07;3.70649874397958E-07
0.619205298013245;13331.8615986719;6.06797631536195E-07;0.002950478085003;0.243002787685702;-0.374861010628907;2.36156617086226E-07;3.64299969520605E-07
0.622516556291391;13331.8681417771;6.0045658660694E-07;0.002950480272346;0.243011795655324;-0.368401443409029;2.36165371271942E-07;3.58022389098944E-07
0.625827814569536;13331.8746103522;5.94187760370996E-07;0.002950482434775;0.243020800626868;-0.361940488730951;2.36174122544701E-07;3.51743460307592E-07
0.629139072847682;13331.8810803119;5.87917582852403E-07;0.002950484597667;0.243029794117716;-0.355484234327715;2.3618286265993E-07;3.45469099369494E-07
0.632450331125828;13331.8875455598;5.81651962029534E-07;0.002950486758985;0.2430387264453;-0.349068373014609;2.36191543334838E-07;3.39233993518402E-07
0.635761589403974;13331.8939703534;5.75425536853349E-07;0.00295048890678;0.243047573319157;-0.34271042767349;2.36200140964026E-07;3.3305517195947E-07
0.639072847682119;13331.9003371456;5.69255312923606E-07;0.002950491035186;0.24305634411895;-0.336403748663947;2.36208664661852E-07;3.26926172395109E-07
0.642384105960265;13331.9066525955;5.6313483705707E-07;0.002950493146429;0.243065056581577;-0.330135657464243;2.36217131666391E-07;3.20834673497461E-07
0.645695364238411;13331.9129293991;5.57051805163961E-07;0.002950495244754;0.243073717712721;-0.323901173032766;2.36225548786089E-07;3.14775834556751E-07
0.649006622516556;13331.9191725447;5.5100138334295E-07;0.002950497331827;0.243082324199049;-0.317702735950301;2.36233912799535E-07;3.08752027396175E-07
0.652317880794702;13331.9253795883;5.4498594019582E-07;0.002950499406832;0.243090871727086;-0.311543511061309;2.36242219516211E-07;3.02766327694906E-07
0.655629139072848;13331.9315473607;5.39008547211227E-07;0.00295050146871;0.243099360384163;-0.305423497685506;2.36250469020959E-07;2.96818734791856E-07
0.658940397350994;13331.9376758627;5.33069203812925E-07;0.002950503517461;0.243107793373215;-0.299340446041924;2.36258664425057E-07;2.90907062291046E-07
0.662251655629139;13331.9437673473;5.27165726716213E-07;0.002950505553837;0.243116173593169;-0.293292322339796;2.36266808547238E-07;2.85029333698663E-07
0.665562913907285;13331.9498238513;5.2129614224601E-07;0.00295050757852;0.243124502189031;-0.287278353684111;2.36274902499646E-07;2.79184797895239E-07
0.66887417218543;13331.9558461485;5.15459700394994E-07;0.002950509591768;0.243132779380774;-0.281298434435114;2.36282946496284E-07;2.73373352217004E-07
0.672185430463576;13331.9618343449;5.09656298713398E-07;0.002950511593617;0.24314100571871;-0.275352218745691;2.36290941072165E-07;2.67594660560264E-07
0.675496688741722;13331.967788787;5.03885601632539E-07;0.002950513584183;0.243149182525866;-0.269438801056234;2.36298887512358E-07;2.61847842878626E-07
0.678807947019868;13331.9737103815;4.98146730391094E-07;0.002950515563769;0.243157311722916;-0.263556841468048;2.36306787683388E-07;2.56131597022688E-07
0.682119205298013;13331.9796004703;4.92438384706186E-07;0.002950517532822;0.243165395865301;-0.257704538262794;2.36314644069349E-07;2.5044417203367E-07
0.685430463576159;13331.9854608576;4.86758816103129E-07;0.002950519491948;0.243173438894992;-0.251879080381745;2.36322460501427E-07;2.44782836049142E-07
0.688741721854305;13331.9912943585;4.81105296550679E-07;0.002950521442086;0.243181447578054;-0.246075605314586;2.36330243554197E-07;2.39142863552222E-07
0.69205298013245;13331.9971058423;4.75473107106529E-07;0.002950523384864;0.243189433296918;-0.240285893280227;2.36338004289923E-07;2.33516266338995E-07
0.695364238410596;13332.00290354;4.69854270629028E-07;0.002950525323034;0.243197413783516;-0.23449710288329;2.36345759939868E-07;2.27890564798622E-07
0.698675496688742;13332.0087003109;4.642363247386E-07;0.002950527260895;0.243205414170811;-0.228690996173845;2.36353534930433E-07;2.22248034801406E-07
0.701986754966887;13332.014514418;4.58601569731948E-07;0.002950529204552;0.243213466346671;-0.222844393152451;2.36361360250707E-07;2.16566149403485E-07
0.705298013245033;13332.0203690732;4.52927509654302E-07;0.002950531161765;0.243221605039026;-0.216932005091336;2.36369269649969E-07;2.1082033234219E-07
0.708609271523179;13332.0262895999;4.47189601992269E-07;0.002950533140999;0.243229858303822;-0.21093334010338;2.3637729039421E-07;2.04990669052343E-07
0.711920529801325;13332.0322965182;4.41367959446663E-07;0.002950535149115;0.243238229034611;-0.204846161198594;2.36385425294114E-07;1.99074985568507E-07
0.71523178807947;13332.0383920678;4.3546041086273E-07;0.002950537186861;0.243246662785332;-0.198709944468751;2.36393621439113E-07;1.93111645812328E-07
0.718543046357616;13332.0445367183;4.29505267251552E-07;0.002950539241022;0.243254996586236;-0.192643247707668;2.36401720449876E-07;1.87215867423978E-07
0.721854304635762;13332.0506117489;4.23617587873964E-07;0.00295054127191;0.243262885564058;-0.186897366293087;2.36409387170046E-07;1.81631865980929E-07
0.725165562913907;13332.0563655193;4.18041253151084E-07;0.002950543195402;0.243269711189603;-0.181923509785168;2.36416020495652E-07;1.76798139018605E-07
0.728476821192053;13332.0613462014;4.13214159514368E-07;0.002950544860449;0.243274486940095;-0.17844191320165;2.3642066169808E-07;1.73414630215685E-07
0.731788079470199;13332.0648325737;4.09835291913875E-07;0.002950546025947;0.243275789679747;-0.177491910820395;2.36421927734843E-07;1.72491392459482E-07
0.735099337748344;13332.0657838789;4.08913320194435E-07;0.00295054634397;0.243271750029382;-0.180438003710748;2.36418001894459E-07;1.75354484431492E-07
0.73841059602649;13332.0628337463;4.1177248632606E-07;0.002950545357737;0.243260125244147;-0.188913738718948;2.36406704617313E-07;1.83591430706055E-07
0.741721854304636;13332.0543463865;4.19998135323477E-07;0.002950542520403;0.243238454199684;-0.204702759446034;2.36385644116031E-07;1.98935623904366E-07
0.745033112582782;13332.0385356948;4.35321268020507E-07;0.002950537234876;0.243204266816569;-0.229577076268005;2.36352419900905E-07;2.23109151167535E-07
0.748344370860927;13332.0136271905;4.5946157106855E-07;0.002950528907952;0.243155305078032;-0.265124994490771;2.36304837572409E-07;2.57655570127618E-07
0.751655629139073;13331.9780303106;4.93960407700136E-07;0.002950517007919;0.243089718853771;-0.312598055154426;2.36241099123096E-07;3.03791161886968E-07
0.754966887417219;13331.9304916637;5.40032261010173E-07;0.002950501115792;0.243006221935968;-0.372790893416501;2.36159954582133E-07;3.62288174172935E-07
0.758278145695364;13331.8702153285;5.98448128755177E-07;0.002950480965529;0.242904215903909;-0.445951711999528;2.36060822388142E-07;4.33387817038649E-07
0.76158940397351;13331.7969525039;6.69448639426901E-07;0.002950456474001;0.24278389659882;-0.531715286396415;2.35943892865154E-07;5.1673515552653E-07
0.764900662251656;13331.7110686102;7.52679048391793E-07;0.002950427763418;0.242646347119728;-0.629057170557141;2.35810218598268E-07;6.11334605528364E-07
0.768211920529801;13331.6135891766;8.47144824126741E-07;0.002950395176671;0.242493602861773;-0.7362791442481;2.35661777636958E-07;7.15535791142044E-07
0.771523178807947;13331.5062144586;9.51197568779111E-07;0.002950359282202;0.242328662737121;-0.851041257413097;2.35501484406506E-07;8.27064686233143E-07
0.774834437086093;13331.3912874053;1.06256617063976E-06;0.002950320863292;0.242155424068095;-0.970450283757448;2.35333126428328E-07;9.43109576003943E-07
0.778145695364239;13331.2717051403;1.17844270243238E-06;0.002950280888459;0.241978533381219;-1.09120173670887;2.35161219321476E-07;1.0604590719038E-06
0.781456953642384;13331.1507767967;1.29562029122538E-06;0.002950240463925;0.241803162335153;-1.2097605855019;2.34990789042579E-07;1.17567773636068E-06
0.78476821192053;13331.0320425768;1.41066852540337E-06;0.002950200773123;0.241634730077895;-1.32255971385084;2.34827102063681E-07;1.28529895023604E-06
0.788079470198676;13330.9190750162;1.52012605229983E-06;0.002950163010263;0.241478599201376;-1.42619509673651;2.34675369896556E-07;1.38601459084956E-06
0.791390728476821;13330.8152835025;1.62068996074622E-06;0.002950128314991;0.241339774531694;-1.51759974731646;2.34540456364948E-07;1.47484407824911E-06
0.794701986754967;13330.7237400272;1.70938453461417E-06;0.002950097714144;0.241222633837387;-1.59418239181004;2.34426615900873E-07;1.54926914317678E-06
0.798013245033113;13330.647040242;1.78369575907777E-06;0.002950072075318;0.241130716506054;-1.65392123964948;2.34337288176135E-07;1.60732495541182E-06
0.801324503311258;13330.5872094769;1.84166224358806E-06;0.002950052075463;0.24106658866194;-1.69540872452674;2.3427496701995E-07;1.64764360431819E-06
0.804635761589404;13330.5456578641;1.88191857133824E-06;0.002950038185888;0.241031791304805;-1.71784964922085;2.34241150016155E-07;1.66945229594085E-06
0.80794701986755;13330.5231821421;1.90369344595711E-06;0.002950030672879;0.241026864457291;-1.72102156132052;2.34236361974253E-07;1.67253484506785E-06
0.811258278145695;13330.5200053031;1.90677120704221E-06;0.002950029610951;0.241051429175287;-1.70521057517925;2.34260234624917E-07;1.65716930529182E-06
0.814569536423841;13330.535840854;1.89142953991684E-06;0.002950034904334;0.241104304280328;-1.6711367196358;2.34311620068282E-07;1.62405541992081E-06
0.817880794701987;13330.5699675846;1.8583670399892E-06;0.002950046311963;0.241183636933328;-1.61987998390162;2.34388717664852E-07;1.57424275139526E-06
0.821192052980133;13330.621303653;1.80863146906022E-06;0.002950063472243;0.241287033436801;-1.55281302946903;2.34489201156335E-07;1.50906528891446E-06
0.824503311258278;13330.688474004;1.74355449007091E-06;0.002950085925578;0.241411684423425;-1.47154160807666;2.34610340323469E-07;1.43008354502357E-06
0.827814569536424;13330.7698700763;1.66469388534715E-06;0.002950113134323;0.241554483014713;-1.37785116852686;2.34749115818806E-07;1.33903266668567E-06
0.831125827814569;13330.8637033145;1.57378178250458E-06;0.002950144500668;0.241712134959235;-1.2736582230629;2.34902326200542E-07;1.23777517182614E-06
0.834437086092715;13330.9680539119;1.47267749802679E-06;0.002950179382927;0.241881258362107;-1.16096633186149;2.35066684853207E-07;1.12825817388278E-06
0.837748344370861;13331.0809149265;1.3633248587361E-06;0.002950217110274;0.242058470236328;-1.04182727099437;2.35238904098615E-07;1.01247564379286E-06
0.841059602649007;13331.2002311992;1.24771454789159E-06;0.002950256995758;0.24224045878971;-0.91830731053325;2.35415765448367E-07;8.92435638150213E-07
0.844370860927152;13331.3239331483;1.12785140359869E-06;0.002950298347586;0.24242404306443;-0.792457090570447;2.3559417756323E-07;7.70131023915285E-07
0.847682119205298;13331.4499669525;1.00572520147862E-06;0.002950340479218;0.242606223450199;-0.666282538353927;2.35771225341427E-07;6.4751121490983E-07
0.850993377483444;13331.5763236851;8.83282440251367E-07;0.002950382719104;0.242784226346727;-0.541714536741676;2.35944213323496E-07;5.26452694807866E-07
0.854304635761589;13331.7010696896;7.62396908131472E-07;0.002950424420835;0.242955544176312;-0.420576614699198;2.36110704578221E-07;4.08727617895208E-07
0.857615894039735;13331.8223789295;6.44838322473539E-07;0.002950464973962;0.243117969655185;-0.304551771029858;2.36268554008276E-07;2.95971567482279E-07
0.860927152317881;13331.9385661986;5.32240121490664E-07;0.002950503815099;0.24326962261106;-0.195150359967988;2.36415934412506E-07;1.89652346263134E-07
0.864238410596026;13332.0481192626;4.26068280675749E-07;0.00295054043867;0.243408969096068;-0.093680275484104;2.36551355058739E-07;9.10410006264164E-08
0.867549668874172;13332.1497286936;3.27592355685265E-07;0.002950574406889;0.243534834715971;-0.001219330934557;2.36673674639291E-07;1.18497845734892E-09
0.870860927152318;13332.2423155038;2.3785865309675E-07;0.002950605359;0.24364641483612;0.081410769880509;2.36782111188146E-07;-7.91171664840025E-08
0.874172185430464;13332.3250571847;1.57664944704253E-07;0.002950633019985;0.243743282818569;0.15366841225546;2.3687625008732E-07;-1.4933907852157E-07
0.877483443708609;13332.3974116951;8.75371715658596E-08;0.002950657208591;0.243825394801222;0.215311629162031;2.36956048711693E-07;-2.09245607618254E-07
0.880794701986755;13332.459137024;2.77104410935483E-08;0.002950677843866;0.243893087618777;0.266409518047138;2.3702183440444E-07;-2.58903904521702E-07
0.884105960264901;13332.5103026057;-2.18820701171527E-08;0.002950694948988;0.243947066225141;0.30734181747328;2.37074292259628E-07;-2.98683009337955E-07
0.887417218543046;13332.5512888837;-6.16087170782167E-08;0.002950708651111;0.243988377846451;0.33878399719805;2.37114439999634E-07;-3.29239361667595E-07
0.890728476821192;13332.582772375;-9.21249216678511E-08;0.002950719176379;0.244018370964377;0.361676428746955;2.37143588114876E-07;-3.5148683974362E-07
0.894039735099338;13332.6056947997;-1.14343251628634E-07;0.002950726839603;0.244038637680706;0.377177130154009;2.37163283852896E-07;-3.6655083650549E-07
0.897350993377483;13332.6212157678;-1.29387552652484E-07;0.002950732028442;0.244050938533746;0.386598456911602;2.37175238151425E-07;-3.7570673416719E-07
0.900662251655629;13332.6306493954;-1.38531496015656E-07;0.002950735182215;0.244057110162745;0.391329393408086;2.37181235905828E-07;-3.80304384956761E-07
0.903973509933775;13332.6353865036;-1.43123149050823E-07;0.002950736765887;0.244058958648985;0.392746980102496;2.37183032313767E-07;-3.81682033671187E-07
0.90728476821192;13332.6368059388;-1.44499001357311E-07;0.002950737240421;0.2440581449655;0.39212289391349;2.37182241554451E-07;-3.81075529998747E-07
0.910596026490066;13332.6361810389;-1.43893288444187E-07;0.00295073703151;0.244056073700304;0.390534345963919;2.37180228643254E-07;-3.79531736557231E-07
0.913907284768212;13332.6345904197;-1.42351507913868E-07;0.002950736499747;0.244053801643606;0.388792052484844;2.37178020598013E-07;-3.77838529093099E-07
0.917218543046358;13332.6328458541;-1.40660508494977E-07;0.002950735916518;0.244051986804334;0.387400589112862;2.3717625688881E-07;-3.76486267722744E-07
0.920529801324503;13332.6314525759;-1.39310010833825E-07;0.002950735450728;0.24405089660801;0.38656482557817;2.37175197407021E-07;-3.75674050336808E-07
0.923841059602649;13332.6306157222;-1.38498852929678E-07;0.002950735170958;0.244050482345152;0.386247268406103;2.3717479481487E-07;-3.75365439771882E-07
0.927152317880795;13332.6302977508;-1.38190644956903E-07;0.002950735064656;0.244050506025592;0.386265420640766;2.37174817828055E-07;-3.75383080599574E-07
0.930463576158941;13332.6303159267;-1.3820826277141E-07;0.002950735070733;0.244050684079095;0.386401905869582;2.37174990865478E-07;-3.75515720600495E-07
0.933774834437086;13332.6304525899;-1.38340729734908E-07;0.002950735116421;0.244050802790862;0.386492904116898;2.37175106233096E-07;-3.75604155134663E-07
0.937086092715232;13332.6305437069;-1.38429048901457E-07;0.002950735146882;0.244050771769334;0.386469124417977;2.37175076085331E-07;-3.75581045386179E-07
0.940397350993378;13332.6305198962;-1.38405969300738E-07;0.002950735138922;0.244050610352716;0.386345389764232;2.37174919216554E-07;-3.75460796736068E-07
0.943708609271523;13332.6303960001;-1.38285877519404E-07;0.002950735097502;0.244050391881626;0.386177922123286;2.37174706899883E-07;-3.75298047196924E-07
0.947019867549669;13332.630228314;-1.38123340296932E-07;0.002950735041443;0.244050184682664;0.386019097301501;2.37174505538633E-07;-3.75143696981775E-07
0.950331125827814;13332.630069282;-1.37969191443033E-07;0.002950734988277;0.244050019648162;0.385892594746064;2.37174345153631E-07;-3.75020758410402E-07
0.95364238410596;13332.6299426144;-1.37846413256662E-07;0.00295073494593;0.244049891209239;0.385794144449426;2.3717422033325E-07;-3.74925081775473E-07
0.956953642384106;13332.6298440357;-1.37750861442114E-07;0.002950734912974;0.244049777906215;0.385707297005893;2.37174110222538E-07;-3.74840681104132E-07
0.960264900662252;13332.6297570749;-1.37666570881484E-07;0.002950734883902;0.244049662662398;0.385618962507531;2.37173998224951E-07;-3.74754835272323E-07
0.963576158940397;13332.6296686252;-1.37580837047262E-07;0.002950734854332;0.244049540854056;0.385525597038973;2.37173879848382E-07;-3.74664100209537E-07
0.966887417218543;13332.6295751379;-1.37490220361046E-07;0.002950734823078;0.244049416730003;0.38543045720096;2.37173759221827E-07;-3.7457164076748E-07
0.970198675496689;13332.6294798739;-1.37397881545543E-07;0.00295073479123;0.244049295914581;0.385337854172973;2.37173641809589E-07;-3.74481646664246E-07
0.973509933774835;13332.6293871501;-1.37308004854547E-07;0.002950734760232;0.24404918083114;0.385249645901257;2.37173529969129E-07;-3.74395923504141E-07
0.97682119205298;13332.6292988267;-1.37222393534902E-07;0.002950734730704;0.244049070727136;0.385165254654249;2.37173422966819E-07;-3.74313909829872E-07
0.980132450331126;13332.6292143254;-1.37140486862943E-07;0.002950734702454;0.244048963955926;0.385083418732245;2.37173319204045E-07;-3.74234379489515E-07
0.983443708609272;13332.6291323827;-1.37061060285361E-07;0.00295073467506;0.244048859702834;0.385003512942899;2.37173217887913E-07;-3.74156724903236E-07
0.986754966887417;13332.6290523726;-1.36983507015214E-07;0.002950734648312;0.244048758137305;0.384925667667453;2.37173119183871E-07;-3.74081072779793E-07
0.990066225165563;13332.6289744258;-1.36907953595812E-07;0.002950734622253;0.244048659700473;0.384850220916857;2.37173023520081E-07;-3.74007751606736E-07
0.993377483443708;13332.6288988806;-1.36834728086545E-07;0.002950734596997;0.244048564547182;0.384777291418137;2.37172931047893E-07;-3.73936876767037E-07
0.996688741721854;13332.628825856;-1.36763945719034E-07;0.002950734572584;0.244048472526949;0.384706763486714;2.3717284161943E-07;-3.7386833583369E-07
